{
  "accuracy": 0.6375,
  "f1_macro": 0.6351807236238856,
  "f1_micro": 0.6375,
  "precision_per_class": [
    0.25,
    0.9523809523809523,
    0.7410714285714286,
    0.5307692307692308,
    0.7540983606557377,
    0.5306122448979592,
    0.5058823529411764,
    0.8846153846153846
  ],
  "recall_per_class": [
    0.21818181818181817,
    0.7272727272727273,
    0.7545454545454545,
    0.6272727272727273,
    0.8363636363636363,
    0.7090909090909091,
    0.39090909090909093,
    0.8363636363636363
  ],
  "f1_per_class": [
    0.23300970873786409,
    0.8247422680412371,
    0.7477477477477477,
    0.575,
    0.793103448275862,
    0.6070038910505837,
    0.44102564102564107,
    0.8598130841121494
  ],
  "ece": 0.061949461698532104,
  "confusion_matrix": [
    [
      24,
      0,
      2,
      32,
      0,
      31,
      21,
      0
    ],
    [
      11,
      80,
      3,
      0,
      0,
      0,
      13,
      3
    ],
    [
      0,
      0,
      83,
      0,
      21,
      0,
      0,
      6
    ],
    [
      6,
      0,
      4,
      69,
      0,
      27,
      3,
      1
    ],
    [
      0,
      0,
      15,
      0,
      92,
      0,
      1,
      2
    ],
    [
      8,
      0,
      0,
      20,
      0,
      78,
      4,
      0
    ],
    [
      47,
      0,
      0,
      9,
      0,
      11,
      43,
      0
    ],
    [
      0,
      4,
      5,
      0,
      9,
      0,
      0,
      92
    ]
  ],
  "test_loss": 1.0056723415851594,
  "test_acc": 0.6375000000000001
}