{"train_loss": [1.4424098253250122, 1.181324017047882, 1.1632671236991883, 1.1159776210784913, 1.0339866876602173, 1.0554076135158539, 1.026082068681717, 0.9136360287666321, 0.8910794794559479, 0.8980255007743836], "train_acc": [0.4641666918992996, 0.5150000303983688, 0.5441666901111603, 0.5616666972637177, 0.6016666948795318, 0.5900000423192978, 0.5916666954755783, 0.6500000417232513, 0.6525000393390655, 0.6525000333786011], "val_loss": [1.5776201248168946, 1.2230427503585815, 1.335188126564026, 1.1040674686431884, 1.201861810684204, 1.1093400478363038, 0.9964390873908997, 0.9511507630348206, 0.977703309059143, 1.080810296535492], "val_acc": [0.5045454680919648, 0.5409091114997864, 0.5590909361839295, 0.5818181991577148, 0.6363636493682862, 0.6250000238418579, 0.6113636493682861, 0.643181848526001, 0.6545454740524292, 0.6590909242630005]}